ch2,ch3,time
0.2000000043517503,-0.004136087288709358,-6.700699999999999e-08
0.20000000435175028,-0.0044642670192892794,-6.686595898437499e-08
0.2000000043517503,-0.0047880111350699864,-6.672491796874998e-08
0.2000000043517503,-0.005074168303777322,-6.658387695312498e-08
0.20000000435175028,-0.005295448752054481,-6.644283593749999e-08
0.20000000435175025,-0.0054330498408116665,-6.630179492187498e-08
0.2000000043517503,-0.005477677393629983,-6.616075390624998e-08
0.20000000435175028,-0.005428850275961856,-6.601971289062499e-08
0.20000000435175025,-0.005292969667110231,-6.587867187499999e-08
0.2000000043517502,-0.0050806917950236095,-6.573763085937498e-08
0.20000000435175028,-0.004804707038892356,-6.559658984374999e-08
0.20000000435175028,-0.004477978141895539,-6.545554882812499e-08
0.20000000435175017,-0.004113132623770365,-6.531450781249998e-08
0.2000000043517502,-0.0037227795943761068,-6.517346679687499e-08
0.20000000435175022,-0.0033204993837288236,-6.503242578124999e-08
0.20000000435175025,-0.0029216671197767443,-6.489138476562498e-08
0.20000000435175028,-0.002543983529302422,-6.475034374999998e-08
0.20000000435175014,-0.0022067924464064122,-6.460930273437499e-08
0.20000000435175022,-0.0019293432789912893,-6.446826171874999e-08
0.2000000043517503,-0.0017282571215636654,-6.432722070312498e-08
0.20000000435175028,-0.0016147353716740706,-6.418617968749999e-08
0.20000000435175025,-0.001592450107301359,-6.404513867187499e-08
0.20000000435175025,-0.0016563877241248944,-6.390409765624998e-08
0.2000000043517503,-0.0017934317295653327,-6.376305664062499e-08
0.20000000435175022,-0.001984535591052239,-6.362201562499999e-08
0.20000000435175025,-0.002208086710104601,-6.348097460937498e-08
0.2000000043517503,-0.002443603276138496,-6.333993359374998e-08
0.20000000435175036,-0.0026751229794629693,-6.319889257812499e-08
0.2000000043517502,-0.0028930285045602254,-6.305785156249999e-08
0.20000000435175014,-0.0030943780982368727,-6.291681054687498e-08
0.2000000043517503,-0.0032814619389958154,-6.277576953124999e-08
0.20000000435175028,-0.003458990093694773,-6.263472851562499e-08
0.20000000435175022,-0.003631017004168804,-6.249368749999998e-08
0.20000000435175014,-0.0037980376431249493,-6.235264648437499e-08
0.20000000435175022,-0.003955552508433885,-6.221160546874999e-08
0.20000000435175022,-0.004094333105493887,-6.207056445312498e-08
0.20000000435175033,-0.004202364653683272,-6.192952343749998e-08
0.20000000435175022,-0.00426810047451913,-6.178848242187499e-08
0.20000000435175025,-0.004283763289697326,-6.164744140624999e-08
0.20000000435175028,-0.004248280369669728,-6.150640039062498e-08
0.20000000435175025,-0.0041685834532537835,-6.136535937499999e-08
0.2000000043517502,-0.004058987991363184,-6.122431835937499e-08
0.20000000435175028,-0.003938655826661909,-6.108327734374998e-08
0.20000000435175033,-0.003827802985115358,-6.094223632812499e-08
0.20000000435175025,-0.003743259923042153,-6.080119531249999e-08
0.20000000435175028,-0.0036948283139111968,-6.066015429687498e-08
0.20000000435175025,-0.003683004004482818,-6.051911328124998e-08
0.20000000435175025,-0.0036988306018776004,-6.037807226562499e-08
0.20000000435175017,-0.003725969104447581,-6.023703124999999e-08
0.20000000435175028,-0.003744559171029067,-6.009599023437498e-08
0.2000000043517502,-0.003736160223243375,-5.995494921874999e-08
0.20000000435175017,-0.0036886218979431703,-5.981390820312499e-08
0.2000000043517503,-0.003599856995988066,-5.967286718749998e-08
0.20000000435175025,-0.003479645735012663,-5.9531826171874986e-08
0.20000000435175022,-0.0033489556986018346,-5.939078515624999e-08
0.20000000435175028,-0.0032369823082184002,-5.924974414062499e-08
0.20000000435175022,-0.0031760038291850155,-5.9108703124999985e-08
0.20000000435175028,-0.003195343998880047,-5.896766210937499e-08
0.20000000435175022,-0.0033154014814202356,-5.8826621093749987e-08
0.20000000435175025,-0.003542952219621906,-5.868558007812499e-08
0.20000000435175017,-0.0038685552301117323,-5.854453906249999e-08
0.20000000435175022,-0.004266865229678791,-5.8403498046874985e-08
0.20000000435175022,-0.004699526474879627,-5.826245703124999e-08
0.2000000043517504,-0.005120504553869852,-5.812141601562499e-08
0.20000000435175022,-0.005482699792307938,-5.798037499999999e-08
0.20000000435175017,-0.005744726109188135,-5.783933398437499e-08
0.20000000435175017,-0.005876120257019751,-5.7698292968749986e-08
0.20000000435175028,-0.005860977754848108,-5.755725195312499e-08
0.20000000435175028,-0.005698628184570234,-5.741621093749999e-08
0.20000000435175017,-0.0054018216765235215,-5.7275169921874984e-08
0.2000000043517504,-0.0049930716165601675,-5.713412890624999e-08
0.20000000435175025,-0.004500269238763626,-5.6993087890624986e-08
0.20000000435175033,-0.003952792442588959,-5.685204687499999e-08
0.20000000435175022,-0.003379148990196677,-5.671100585937499e-08
0.20000000435175022,-0.002806348485493715,-5.6569964843749985e-08
0.2000000043517502,-0.0022608945717941084,-5.642892382812499e-08
0.2000000043517502,-0.0017704951047049135,-5.6287882812499986e-08
0.20000000435175022,-0.0013654298606746913,-5.614684179687499e-08
0.20000000435175022,-0.001078158193615028,-5.600580078124999e-08
0.20000000435175025,-0.0009404772420819473,-5.5864759765624985e-08
0.20000000435175017,-0.0009784660539962086,-5.572371874999999e-08
0.20000000435175025,-0.0012061078254508352,-5.5582677734374986e-08
0.20000000435175025,-0.0016192949479262436,-5.544163671874999e-08
0.20000000435175028,-0.0021923338674473634,-5.530059570312499e-08
0.20000000435175025,-0.0028780069618924283,-5.5159554687499985e-08
0.20000000435175017,-0.003612771795967855,-5.501851367187499e-08
0.20000000435175022,-0.004326332806817445,-5.4877472656249986e-08
0.20000000435175028,-0.004953911197460872,-5.473643164062499e-08
0.20000000435175017,-0.005448438050331443,-5.459539062499999e-08
0.20000000435175028,-0.00578963288171275,-5.4454349609374985e-08
0.20000000435175017,-0.00598759720555183,-5.431330859374999e-08
0.2000000043517504,-0.00607937897861443,-5.4172267578124987e-08
0.20000000435175022,-0.006118894094544561,-5.403122656249999e-08
0.20000000435175022,-0.006162352070771528,-5.389018554687499e-08
0.20000000435175028,-0.00625241802388688,-5.3749144531249985e-08
0.20000000435175025,-0.006405506364191816,-5.360810351562499e-08
0.20000000435175017,-0.006605288154581278,-5.346706249999999e-08
0.20000000435175028,-0.006804497464141424,-5.332602148437499e-08
0.20000000435175028,-0.006935007199936953,-5.318498046874999e-08
0.20000000435175028,-0.006924292166054293,-5.3043939453124986e-08
0.2000000043517503,-0.006713591023740825,-5.290289843749999e-08
0.20000000435175025,-0.006274820952041627,-5.276185742187499e-08
0.2000000043517503,-0.005620755919524305,-5.262081640624999e-08
0.20000000435175036,-0.004806360045065153,-5.247977539062499e-08
0.20000000435175022,-0.003920655981258768,-5.2338734374999986e-08
0.2000000043517502,-0.0030709325895016144,-5.219769335937499e-08
0.20000000435175017,-0.0023629634577410933,-5.205665234374999e-08
0.20000000435175025,-0.001881456340498224,-5.191561132812499e-08
0.2000000043517501,-0.0016751816275587493,-5.177457031249999e-08
0.2000000043517502,-0.001749873585513944,-5.1633529296874986e-08
0.2000000043517503,-0.00207008332283897,-5.149248828124999e-08
0.2000000043517503,-0.002568840413816162,-5.135144726562499e-08
0.20000000435175028,-0.0031627775690908563,-5.121040624999999e-08
0.20000000435175033,-0.0037682591010220383,-5.106936523437499e-08
0.2000000043517503,-0.0043156620103862176,-5.0928324218749986e-08
0.2000000043517503,-0.004758589157646625,-5.078728320312499e-08
0.20000000435175036,-0.005076440230970189,-5.064624218749999e-08
0.2000000043517504,-0.005271353722014339,-5.050520117187499e-08
0.20000000435175028,-0.005360659849965009,-5.036416015624999e-08
0.20000000435175017,-0.0053678716537272604,-5.0223119140624986e-08
0.20000000435175025,-0.005314620026329557,-5.008207812499999e-08
0.2000000043517502,-0.00521554609187224,-4.994103710937499e-08
0.20000000435175025,-0.005076907204638756,-4.979999609374999e-08
0.20000000435175025,-0.004898714200142554,-4.965895507812499e-08
0.20000000435175028,-0.004679199194496752,-4.9517914062499986e-08
0.20000000435175017,-0.004419541936141543,-4.937687304687499e-08
0.20000000435175028,-0.004127335815072012,-4.923583203124999e-08
0.2000000043517502,-0.003817631586616353,-4.909479101562499e-08
0.20000000435175028,-0.0035112961255622326,-4.895374999999999e-08
0.2000000043517502,-0.003231230514977945,-4.8812708984374987e-08
0.20000000435175014,-0.002997668099033195,-4.867166796874999e-08
0.2000000043517502,-0.002823914670897584,-4.853062695312499e-08
0.20000000435175025,-0.002713839858853654,-4.838958593749999e-08
0.2000000043517503,-0.0026620060488244572,-4.824854492187499e-08
0.20000000435175022,-0.0026561224092373614,-4.810750390624999e-08
0.20000000435175017,-0.002681478204921353,-4.796646289062499e-08
0.20000000435175025,-0.0027259463106029864,-4.782542187499999e-08
0.2000000043517503,-0.0027842563968217124,-4.768438085937499e-08
0.20000000435175033,-0.002860280403059807,-4.754333984374999e-08
0.20000000435175028,-0.0029665982802598813,-4.740229882812499e-08
0.2000000043517503,-0.0031211862201484843,-4.726125781249999e-08
0.20000000435175036,-0.0033417993084056165,-4.712021679687499e-08
0.20000000435175025,-0.0036393666888171377,-4.697917578124999e-08
0.20000000435175033,-0.004011902977932126,-4.683813476562499e-08
0.20000000435175025,-0.004440545658414715,-4.669709374999999e-08
0.20000000435175033,-0.0048889139671217455,-4.655605273437499e-08
0.20000000435175028,-0.005306445216616355,-4.641501171874999e-08
0.20000000435175014,-0.005635552042777559,-4.627397070312499e-08
0.20000000435175017,-0.005821457034292783,-4.613292968749999e-08
0.20000000435175022,-0.005822884490495318,-4.599188867187499e-08
0.20000000435175025,-0.00562148286788197,-4.585084765624999e-08
0.2000000043517503,-0.005227468553014149,-4.570980664062499e-08
0.2000000043517502,-0.004680810127576715,-4.556876562499999e-08
0.20000000435175022,-0.004046422176061442,-4.542772460937499e-08
0.20000000435175033,-0.0034043050698595308,-4.528668359374999e-08
0.20000000435175028,-0.002836279186487995,-4.514564257812499e-08
0.20000000435175028,-0.0024120936145301903,-4.500460156249999e-08
0.2000000043517503,-0.002177426284390702,-4.486356054687499e-08
0.20000000435175025,-0.0021466528333312263,-4.472251953124999e-08
0.20000000435175028,-0.002301693982082548,-4.458147851562499e-08
0.20000000435175022,-0.002597328925086778,-4.444043749999999e-08
0.20000000435175025,-0.002971644791729084,-4.429939648437499e-08
0.20000000435175033,-0.0033595110364883006,-4.415835546874999e-08
0.2000000043517502,-0.0037051917152102405,-4.401731445312499e-08
0.2000000043517502,-0.003972099632603667,-4.387627343749999e-08
0.20000000435175025,-0.004147175878775964,-4.373523242187499e-08
0.20000000435175028,-0.004239308829454889,-4.359419140624999e-08
0.20000000435175042,-0.004272702589063883,-4.3453150390624993e-08
0.20000000435175028,-0.004277122848241671,-4.331210937499999e-08
0.2000000043517503,-0.004278214444676134,-4.317106835937499e-08
0.20000000435175025,-0.004290255737332993,-4.303002734374999e-08
0.2000000043517503,-0.004313342806813793,-4.288898632812499e-08
0.20000000435175025,-0.004335550844808412,-4.2747945312499994e-08
0.20000000435175036,-0.004338768503007955,-4.260690429687499e-08
0.20000000435175028,-0.004306821130550139,-4.246586328124999e-08
0.2000000043517502,-0.004232512417923867,-4.232482226562499e-08
0.2000000043517502,-0.004121647433749214,-4.218378124999999e-08
0.20000000435175028,-0.00399253465151734,-4.2042740234374994e-08
0.2000000043517502,-0.0038710607760336236,-4.190169921874999e-08
0.2000000043517503,-0.0037826379202532184,-4.176065820312499e-08
0.2000000043517503,-0.003743860586857283,-4.161961718749999e-08
0.20000000435175017,-0.003756102200181202,-4.147857617187499e-08
0.20000000435175025,-0.003803486388256844,-4.1337535156249994e-08
0.20000000435175014,-0.0038560470057745775,-4.119649414062499e-08
0.2000000043517502,-0.0038775563621178005,-4.105545312499999e-08
0.2000000043517503,-0.0038358973885323218,-4.091441210937499e-08
0.20000000435175022,-0.0037131274282051407,-4.077337109374999e-08
0.20000000435175025,-0.003512471905851037,-4.0632330078124994e-08
0.20000000435175028,-0.0032600869337791596,-4.049128906249999e-08
0.20000000435175022,-0.0030008792790626793,-4.035024804687499e-08
0.2000000043517503,-0.002789517816745897,-4.020920703124999e-08
0.2000000043517502,-0.0026786116607957497,-4.006816601562499e-08
0.2000000043517503,-0.0027070986372469564,-3.992712499999999e-08
0.2000000043517502,-0.0028918734281190915,-3.978608398437499e-08
0.20000000435175033,-0.003224557925445475,-3.964504296874999e-08
0.20000000435175017,-0.0036739233999933127,-3.950400195312499e-08
0.2000000043517503,-0.004193367558047537,-3.936296093749999e-08
0.20000000435175017,-0.004730287100167538,-3.922191992187499e-08
0.20000000435175022,-0.005235854984392745,-3.908087890624999e-08
0.20000000435175025,-0.005672092996749305,-3.893983789062499e-08
0.20000000435175028,-0.006015000710899581,-3.879879687499999e-08
0.20000000435175025,-0.006253638132139633,-3.865775585937499e-08
0.20000000435175022,-0.006385820583422726,-3.851671484374999e-08
0.20000000435175014,-0.0064134473807131095,-3.837567382812499e-08
0.2000000043517502,-0.00633852957412582,-3.823463281249999e-08
0.2000000043517502,-0.006161849327217682,-3.8093591796874993e-08
0.2000000043517503,-0.005884647419193562,-3.795255078124999e-08
0.20000000435175022,-0.00551260412989859,-3.781150976562499e-08
0.20000000435175028,-0.005060260586169609,-3.767046874999999e-08
0.2000000043517503,-0.004554391220121808,-3.752942773437499e-08
0.20000000435175014,-0.004033813671176977,-3.7388386718749994e-08
0.20000000435175022,-0.0035452320940954083,-3.724734570312499e-08
0.20000000435175025,-0.0031355322326030556,-3.710630468749999e-08
0.20000000435175025,-0.00284255600657495,-3.696526367187499e-08
0.20000000435175028,-0.002686293037284796,-3.682422265624999e-08
0.20000000435175028,-0.0026635734360442686,-3.6683181640624994e-08
0.20000000435175028,-0.002747777121264641,-3.654214062499999e-08
0.20000000435175014,-0.0028941916421430223,-3.640109960937499e-08
0.2000000043517503,-0.00304991226544429,-3.626005859374999e-08
0.20000000435175025,-0.0031661194618309036,-3.611901757812499e-08
0.20000000435175022,-0.0032091954000057427,-3.5977976562499994e-08
0.20000000435175025,-0.003168299194289401,-3.583693554687499e-08
0.20000000435175028,-0.003057192935776965,-3.569589453124999e-08
0.20000000435175017,-0.00290992908216316,-3.555485351562499e-08
0.20000000435175028,-0.0027713610479369135,-3.541381249999999e-08
0.20000000435175028,-0.002685659891995846,-3.5272771484374994e-08
0.20000000435175022,-0.0026848513328575517,-3.513173046874999e-08
0.20000000435175014,-0.002781166057252614,-3.499068945312499e-08
0.20000000435175033,-0.0029646553287364093,-3.484964843749999e-08
0.20000000435175008,-0.0032064887406153698,-3.470860742187499e-08
0.20000000435175022,-0.0034666115185841883,-3.4567566406249994e-08
0.2000000043517503,-0.003703638936043414,-3.442652539062499e-08
0.20000000435175025,-0.003883951750751178,-3.428548437499999e-08
0.20000000435175033,-0.003987855626048927,-3.414444335937499e-08
0.20000000435175033,-0.004011343500487901,-3.400340234374999e-08
0.2000000043517502,-0.003963536900003803,-3.3862361328124995e-08
0.20000000435175028,-0.003861027363664278,-3.372132031249999e-08
0.20000000435175028,-0.0037215370421712973,-3.358027929687499e-08
0.2000000043517502,-0.003558790012959062,-3.3439238281249993e-08
0.20000000435175028,-0.003380393563013467,-3.329819726562499e-08
0.20000000435175033,-0.0031891122435051393,-3.3157156249999995e-08
0.20000000435175014,-0.0029870788712592408,-3.301611523437499e-08
0.20000000435175033,-0.00278055340135183,-3.287507421874999e-08
0.20000000435175022,-0.0025838628393071816,-3.2734033203124994e-08
0.20000000435175025,-0.002420169665373606,-3.259299218749999e-08
0.2000000043517503,-0.0023184439610007836,-3.2451951171874995e-08
0.20000000435175028,-0.0023069917056750735,-3.231091015624999e-08
0.20000000435175033,-0.0024055104403643327,-3.216986914062499e-08
0.20000000435175036,-0.002617306625759145,-3.2028828124999994e-08
0.20000000435175025,-0.002924932306096073,-3.188778710937499e-08
0.20000000435175022,-0.00329051671434155,-3.1746746093749995e-08
0.20000000435175028,-0.0036614426715251215,-3.160570507812499e-08
0.20000000435175028,-0.0039803749546170495,-3.146466406249999e-08
0.20000000435175028,-0.004197108263232137,-3.1323623046874994e-08
0.20000000435175017,-0.0042798564063301035,-3.118258203124999e-08
0.20000000435175017,-0.00422256659341517,-3.1041541015624995e-08
0.20000000435175025,-0.00404659345031608,-3.090049999999999e-08
0.20000000435175028,-0.0037960673720495493,-3.075945898437499e-08
0.20000000435175022,-0.0035279756867046693,-3.0618417968749994e-08
0.20000000435175017,-0.0032995196252618686,-3.047737695312499e-08
0.20000000435175025,-0.003155570571987517,-3.0336335937499996e-08
0.20000000435175025,-0.0031193892528394787,-3.019529492187499e-08
0.20000000435175025,-0.003188721005518496,-3.005425390624999e-08
0.20000000435175028,-0.0033380341476013722,-2.9913212890624994e-08
0.2000000043517503,-0.0035262723599869586,-2.9772171874999992e-08
0.20000000435175014,-0.0037076991071584037,-2.9631130859374992e-08
0.20000000435175025,-0.0038434857773046957,-2.9490089843749993e-08
0.20000000435175028,-0.003910980512295815,-2.9349048828124994e-08
0.20000000435175033,-0.00390861187757388,-2.9208007812499994e-08
0.20000000435175022,-0.0038554323320131602,-2.9066966796874992e-08
0.20000000435175028,-0.003785740448003452,-2.8925925781249993e-08
0.20000000435175022,-0.0037401485649267256,-2.8784884765624993e-08
0.20000000435175028,-0.0037555243953548375,-2.8643843749999994e-08
0.20000000435175014,-0.003856064570675897,-2.8502802734374995e-08
0.20000000435175036,-0.004047543825991768,-2.8361761718749992e-08
0.20000000435175022,-0.0043158616883487485,-2.8220720703124993e-08
0.2000000043517501,-0.00462992924044415,-2.8079679687499993e-08
0.20000000435175022,-0.004948078691821008,-2.7938638671874994e-08
0.20000000435175022,-0.005226370411612714,-2.7797597656249995e-08
0.20000000435175028,-0.005426901600492378,-2.7656556640624992e-08
0.2000000043517503,-0.005524360243071539,-2.7515515624999993e-08
0.2000000043517502,-0.005509442055562364,-2.7374474609374994e-08
0.20000000435175022,-0.005388847345395318,-2.7233433593749994e-08
0.20000000435175025,-0.005182074228765719,-2.7092392578124995e-08
0.20000000435175022,-0.004915871813481903,-2.6951351562499992e-08
0.20000000435175025,-0.004617844969054843,-2.6810310546874993e-08
0.20000000435175033,-0.004310786377798552,-2.6669269531249994e-08
0.20000000435175028,-0.0040087674312617025,-2.6528228515624995e-08
0.2000000043517503,-0.003716507616296697,-2.6387187499999995e-08
0.20000000435175028,-0.003431154661953844,-2.6246146484374993e-08
0.20000000435175017,-0.003146497685045997,-2.6105105468749993e-08
0.20000000435175022,-0.0028581525801134717,-2.5964064453124994e-08
0.2000000043517503,-0.002568324285850666,-2.5823023437499995e-08
0.2000000043517504,-0.002288641059275031,-2.5681982421874992e-08
0.20000000435175025,-0.0020399752463990963,-2.5540941406249993e-08
0.2000000043517502,-0.0018491747999905936,-2.5399900390624993e-08
0.20000000435175022,-0.0017432718398828963,-2.5258859374999994e-08
0.2000000043517503,-0.0017425074012979026,-2.5117818359374995e-08
0.20000000435175025,-0.0018544773738612907,-2.4976777343749992e-08
0.2000000043517502,-0.0020702312810969487,-2.4835736328124993e-08
0.2000000043517503,-0.0023644947737099524,-2.4694695312499994e-08
0.20000000435175025,-0.0027000346770821603,-2.4553654296874994e-08
0.20000000435175025,-0.0030354533967639217,-2.4412613281249995e-08
0.2000000043517503,-0.0033345733985437635,-2.4271572265624992e-08
0.20000000435175025,-0.0035751560500243296,-2.4130531249999993e-08
0.20000000435175028,-0.0037541696549239284,-2.3989490234374994e-08
0.20000000435175025,-0.003888321909359172,-2.3848449218749995e-08
0.20000000435175014,-0.004009163460117563,-2.3707408203124995e-08
0.20000000435175014,-0.004153777032537492,-2.3566367187499993e-08
0.20000000435175025,-0.004353106564243478,-2.3425326171874993e-08
0.2000000043517504,-0.0046214708953772315,-2.3284285156249994e-08
0.20000000435175017,-0.0049496377203019325,-2.3143244140624995e-08
0.2000000043517502,-0.005304092799618638,-2.3002203124999995e-08
0.2000000043517503,-0.0056329465018603855,-2.2861162109374993e-08
0.20000000435175036,-0.005877372341873071,-2.2720121093749994e-08
0.20000000435175017,-0.005985716855490874,-2.2579080078124994e-08
0.20000000435175017,-0.005926840050219045,-2.2438039062499995e-08
0.20000000435175028,-0.005699272709944898,-2.2296998046874996e-08
0.20000000435175028,-0.005333290999128434,-2.2155957031249993e-08
0.20000000435175028,-0.0048852849588631895,-2.2014916015624994e-08
0.20000000435175033,-0.004425657875694633,-2.1873874999999994e-08
0.20000000435175025,-0.0040230183945855055,-2.1732833984374995e-08
0.2000000043517502,-0.0037291429508690055,-2.1591792968749996e-08
0.2000000043517502,-0.0035678914472091205,-2.1450751953124993e-08
0.20000000435175025,-0.003531180808479754,-2.1309710937499994e-08
0.20000000435175017,-0.003582874779305582,-2.1168669921874995e-08
0.20000000435175028,-0.0036693711414122776,-2.1027628906249995e-08
0.20000000435175036,-0.0037340948786938025,-2.0886587890624996e-08
0.20000000435175017,-0.00373182819718668,-2.0745546874999993e-08
0.20000000435175022,-0.0036393925917173604,-2.0604505859374994e-08
0.2000000043517501,-0.0034599805062836306,-2.0463464843749995e-08
0.20000000435175017,-0.0032203568726831386,-2.0322423828124995e-08
0.20000000435175028,-0.0029620963818612553,-2.0181382812499996e-08
0.20000000435175028,-0.0027296932201763663,-2.0040341796874994e-08
0.20000000435175014,-0.002558783497089091,-1.9899300781249994e-08
0.20000000435175028,-0.0024678976366751607,-1.9758259765624995e-08
0.20000000435175033,-0.002455732549706419,-1.9617218749999996e-08
0.20000000435175022,-0.0025043369242051584,-1.9476177734374996e-08
0.2000000043517501,-0.002586813192019254,-1.9335136718749994e-08
0.2000000043517503,-0.002677014834744007,-1.9194095703124994e-08
0.20000000435175025,-0.0027579998571856173,-1.9053054687499995e-08
0.20000000435175025,-0.0028268672985502833,-1.8912013671874996e-08
0.20000000435175025,-0.002894493657147241,-1.8770972656249997e-08
0.20000000435175025,-0.002980406686092365,-1.8629931640624994e-08
0.20000000435175028,-0.0031044844340266473,-1.8488890624999995e-08
0.20000000435175025,-0.0032781718003957786,-1.8347849609374995e-08
0.20000000435175028,-0.003497973404697288,-1.8206808593749996e-08
0.20000000435175025,-0.0037433607150271046,-1.8065767578124997e-08
0.20000000435175022,-0.003979890839407015,-1.7924726562499994e-08
0.2000000043517502,-0.004166964028856391,-1.7783685546874995e-08
0.2000000043517503,-0.004267810817433426,-1.7642644531249996e-08
0.20000000435175025,-0.00425955173872305,-1.7501603515624996e-08
0.2000000043517502,-0.004140131559606268,-1.7360562499999994e-08
0.20000000435175025,-0.003930350360801637,-1.7219521484374994e-08
0.20000000435175022,-0.0036703317922780958,-1.7078480468749995e-08
0.20000000435175028,-0.0034111093199035623,-1.6937439453124996e-08
0.2000000043517503,-0.0032037314654717627,-1.6796398437499996e-08
0.20000000435175025,-0.00308799861442974,-1.6655357421874994e-08
0.20000000435175036,-0.0030839277748300593,-1.6514316406249995e-08
0.20000000435175028,-0.003187770676735236,-1.6373275390624995e-08
0.20000000435175028,-0.003373397830704117,-1.6232234374999996e-08
0.20000000435175014,-0.0035987160180975895,-1.6091193359374997e-08
0.2000000043517503,-0.0038152270443250562,-1.5950152343749994e-08
0.20000000435175025,-0.003978779772238676,-1.5809111328124995e-08
0.20000000435175017,-0.004058952096170605,-1.5668070312499995e-08
0.20000000435175025,-0.004045090003831969,-1.5527029296874996e-08
0.20000000435175025,-0.003947836311316556,-1.5385988281249997e-08
0.20000000435175025,-0.0037960929623462375,-1.5244947265624994e-08
0.2000000043517503,-0.003630285985221494,-1.5103906249999995e-08
0.2000000043517503,-0.00349350015006668,-1.4962865234374996e-08
0.20000000435175014,-0.0034224591766435306,-1.4821824218749996e-08
0.20000000435175028,-0.003440182681805876,-1.4680783203124995e-08
0.20000000435175025,-0.003551970639376651,-1.4539742187499996e-08
0.2000000043517503,-0.003744759170582102,-1.4398701171874995e-08
0.20000000435175028,-0.003990512596496905,-1.4257660156249996e-08
0.2000000043517502,-0.004252259847913904,-1.4116619140624996e-08
0.20000000435175022,-0.004491580033744373,-1.3975578124999996e-08
0.20000000435175028,-0.004676118215781685,-1.3834537109374996e-08
0.2000000043517502,-0.004785068094579448,-1.3693496093749995e-08
0.20000000435175022,-0.004812345115031845,-1.3552455078124996e-08
0.20000000435175028,-0.004766396274015384,-1.3411414062499997e-08
0.20000000435175025,-0.004667093425462029,-1.3270373046874996e-08
0.20000000435175033,-0.004540564517979657,-1.3129332031249996e-08
0.20000000435175022,-0.004413138413103817,-1.2988291015624995e-08
0.20000000435175028,-0.004306137470819002,-1.2847249999999996e-08
0.20000000435175017,-0.0042323237496237984,-1.2706208984374997e-08
0.20000000435175036,-0.00419495683446662,-1.2565167968749996e-08
0.20000000435175028,-0.0041894055913819905,-1.2424126953124997e-08
0.20000000435175017,-0.004206729924562981,-1.2283085937499996e-08
0.20000000435175036,-0.004237757920376417,-1.2142044921874996e-08
0.20000000435175022,-0.004277054023881806,-1.2001003906249997e-08
0.20000000435175017,-0.004324723515741468,-1.1859962890624996e-08
0.2000000043517502,-0.004385982511333697,-1.1718921874999997e-08
0.2000000043517502,-0.004468393252332821,-1.1577880859374996e-08
0.20000000435175022,-0.00457732560145659,-1.1436839843749997e-08
0.20000000435175017,-0.004711594118003805,-1.1295798828124997e-08
0.2000000043517502,-0.004860092886657188,-1.1154757812499996e-08
0.20000000435175028,-0.005001161549555455,-1.1013716796874997e-08
0.20000000435175028,-0.005105102708642946,-1.0872675781249996e-08
0.20000000435175025,-0.005139619991676518,-1.0731634765624997e-08
0.2000000043517501,-0.00507692772609031,-1.0590593749999997e-08
0.20000000435175036,-0.004901043822745856,-1.0449552734374996e-08
0.20000000435175028,-0.004613234037884508,-1.0308511718749997e-08
0.2000000043517502,-0.004234083076011386,-1.0167470703124996e-08
0.20000000435175022,-0.003801437546327508,-1.0026429687499997e-08
0.20000000435175028,-0.0033644478549229224,-9.885388671874996e-09
0.2000000043517503,-0.00297510912383616,-9.744347656249997e-09
0.2000000043517504,-0.002678890934962897,-9.603306640624997e-09
0.20000000435175017,-0.0025067721999982554,-9.462265624999996e-09
0.20000000435175022,-0.0024703425217104287,-9.321224609374997e-09
0.20000000435175025,-0.0025609867791787037,-9.180183593749996e-09
0.2000000043517503,-0.0027531782154279665,-9.039142578124997e-09
0.20000000435175022,-0.0030109011821187496,-8.898101562499998e-09
0.2000000043517503,-0.003295128152661851,-8.757060546874997e-09
0.20000000435175025,-0.003571059509781594,-8.616019531249997e-09
0.2000000043517504,-0.0038132834927908353,-8.474978515624996e-09
0.20000000435175028,-0.004008024767823352,-8.333937499999997e-09
0.2000000043517502,-0.004152257302081503,-8.192896484374998e-09
0.20000000435175025,-0.004250885267152063,-8.051855468749997e-09
0.20000000435175022,-0.00431253991801077,-7.910814453124997e-09
0.20000000435175017,-0.0043458937133786235,-7.769773437499996e-09
0.20000000435175028,-0.004357209451924293,-7.628732421874997e-09
0.20000000435175028,-0.004349607503588441,-7.487691406249998e-09
0.2000000043517503,-0.004323755626712093,-7.346650390624997e-09
0.20000000435175017,-0.004279498491455542,-7.205609374999998e-09
0.20000000435175025,-0.004217311780526616,-7.0645683593749975e-09
0.2000000043517503,-0.004139001115465849,-6.923527343749997e-09
0.2000000043517503,-0.004047284435405346,-6.782486328124997e-09
0.20000000435175028,-0.003944538934785692,-6.641445312499997e-09
0.2000000043517502,-0.0038311307288578103,-6.500404296874997e-09
0.20000000435175028,-0.003704662707246628,-6.359363281249998e-09
0.2000000043517503,-0.003560317732454302,-6.2183222656249976e-09
0.20000000435175025,-0.003392790183962319,-6.0772812499999974e-09
0.20000000435175022,-0.003199438949703478,-5.936240234374997e-09
0.20000000435175033,-0.002983803285508257,-5.795199218749997e-09
0.2000000043517503,-0.0027582452489620045,-5.654158203124998e-09
0.20000000435175025,-0.0025447300844624633,-5.513117187499998e-09
0.20000000435175033,-0.0023728215198346217,-5.372076171874998e-09
0.20000000435175017,-0.0022750096968009656,-5.2310351562499975e-09
0.2000000043517504,-0.0022801448460733143,-5.089994140624997e-09
0.20000000435175017,-0.0024064825483913555,-4.948953124999997e-09
0.20000000435175036,-0.002655964380278335,-4.807912109374998e-09
0.20000000435175025,-0.003011338209900027,-4.666871093749998e-09
0.2000000043517502,-0.0034372333209875,-4.525830078124998e-09
0.20000000435175017,-0.0038852379805170622,-4.3847890624999975e-09
0.2000000043517502,-0.004301877122134773,-4.2437480468749974e-09
0.20000000435175028,-0.004638398839284779,-4.102707031249998e-09
0.20000000435175028,-0.004859346766200134,-3.961666015624998e-09
0.20000000435175028,-0.004948850381982508,-3.820624999999998e-09
0.2000000043517503,-0.004912802123743182,-3.6795839843749977e-09
0.20000000435175017,-0.004776535237104456,-3.538542968749998e-09
0.2000000043517503,-0.00457836752450179,-3.397501953124998e-09
0.20000000435175022,-0.004360968911556286,-3.256460937499998e-09
0.2000000043517502,-0.00416201859169526,-3.115419921874998e-09
0.20000000435175028,-0.004006552395989168,-2.974378906249998e-09
0.20000000435175025,-0.003902577845913393,-2.833337890624998e-09
0.2000000043517501,-0.003840864233174378,-2.692296874999998e-09
0.20000000435175022,-0.0037988421044334916,-2.551255859374998e-09
0.2000000043517503,-0.003747534815764867,-2.4102148437499982e-09
0.2000000043517502,-0.0036599581717861353,-2.269173828124998e-09
0.20000000435175028,-0.0035189227258029523,-2.128132812499998e-09
0.20000000435175025,-0.0033225063355881265,-1.9870917968749983e-09
0.2000000043517502,-0.0030859471445259176,-1.8460507812499981e-09
0.20000000435175022,-0.002839599972743632,-1.7050097656249982e-09
0.2000000043517502,-0.0026232889271802645,-1.5639687499999983e-09
0.2000000043517502,-0.002478333794952898,-1.4229277343749984e-09
0.2000000043517502,-0.0024389268119842517,-1.2818867187499984e-09
0.20000000435175025,-0.00252467168631063,-1.1408457031249983e-09
0.20000000435175028,-0.002735993293998167,-9.998046874999984e-10
0.20000000435175022,-0.0030530603506588546,-8.587636718749985e-10
0.20000000435175033,-0.0034387890575161752,-7.177226562499984e-10
0.20000000435175025,-0.0038451881137784296,-5.766816406249984e-10
0.20000000435175017,-0.004221846478380222,-4.356406249999985e-10
0.2000000043517503,-0.00452485642423494,-2.9459960937499853e-10
0.20000000435175022,-0.004724465812618133,-1.5355859374999855e-10
0.20000000435175028,-0.004809812577189405,-1.2517578124998581e-11
0.2000000043517502,-0.004790107889799544,1.285234375000014e-10
0.20000000435175017,-0.004691900635067885,2.6956445312500137e-10
0.20000000435175028,-0.0045530732910734366,4.1060546875000134e-10
0.20000000435175017,-0.004414947820245935,5.516464843750014e-10
0.20000000435175025,-0.004313833074183182,6.926875000000013e-10
0.2000000043517502,-0.004274213215121331,8.337285156250012e-10
0.2000000043517502,-0.004304463599024145,9.747695312500011e-10
0.2000000043517502,-0.004396092695857487,1.1158105468750013e-09
0.2000000043517503,-0.00452650540494575,1.2568515625000012e-09
0.20000000435175022,-0.00466460880415845,1.397892578125001e-09
0.20000000435175022,-0.004777839997969239,1.5389335937500012e-09
0.2000000043517502,-0.004839301391207236,1.6799746093750011e-09
0.2000000043517502,-0.004833312654016186,1.821015625000001e-09
0.20000000435175028,-0.004758353482293006,1.962056640625001e-09
0.20000000435175028,-0.004626886394762732,2.103097656250001e-09
0.20000000435175025,-0.0044623589163991844,2.244138671875001e-09
0.20000000435175036,-0.0042940415386545526,2.385179687500001e-09
0.2000000043517503,-0.004151191872666505,2.526220703125001e-09
0.20000000435175028,-0.004057620178906051,2.667261718750001e-09
0.20000000435175028,-0.004027899832680504,2.8083027343750007e-09
0.2000000043517502,-0.0040658619139792304,2.949343750000001e-09
0.20000000435175014,-0.004165523468885753,3.090384765625001e-09
0.2000000043517502,-0.00431377231704957,3.2314257812500007e-09
0.20000000435175025,-0.00449413991812254,3.372466796875001e-09
0.20000000435175033,-0.004690538740558908,3.5135078125000005e-09
0.20000000435175017,-0.00489010016430579,3.6545488281250007e-09
0.20000000435175017,-0.00508416206677104,3.795589843750001e-09
0.2000000043517504,-0.005268081516908994,3.936630859375001e-09
0.20000000435175025,-0.005439228193392067,4.077671875000001e-09
0.20000000435175022,-0.005594576522535994,4.218712890625e-09
0.2000000043517503,-0.005728436457660174,4.3597539062500005e-09
0.20000000435175028,-0.005831184205246056,4.500794921875001e-09
0.20000000435175033,-0.005889165401354141,4.641835937500001e-09
0.2000000043517503,-0.005886568700183427,4.782876953125001e-09
0.20000000435175025,-0.005808229395390883,4.92391796875e-09
0.20000000435175022,-0.005643092856014392,5.064958984375e-09
0.20000000435175033,-0.005387367795192743,5.2060000000000004e-09
0.2000000043517502,-0.005046721704629884,5.3470410156250006e-09
0.2000000043517502,-0.004636565478786812,5.488082031250001e-09
0.2000000043517501,-0.004180965352567198,5.629123046875e-09
0.20000000435175014,-0.0037096450767032433,5.7701640625e-09
0.20000000435175025,-0.003253960275459958,5.911205078125e-09
0.20000000435175025,-0.002842569547229329,6.05224609375e-09
0.20000000435175036,-0.002497793415150986,6.1932871093750005e-09
0.20000000435175033,-0.002233126796761301,6.334328125e-09
0.20000000435175022,-0.002052535845500552,6.475369140625e-09
0.20000000435175025,-0.001951500128179571,6.61641015625e-09
0.20000000435175028,-0.0019195993042825682,6.757451171875e-09
0.2000000043517503,-0.0019440367856928377,6.8984921875e-09
0.20000000435175025,-0.0020134497712483287,7.0395332031250004e-09
0.2000000043517503,-0.002120993796637833,7.18057421875e-09
0.20000000435175033,-0.002266074699214969,7.321615234375e-09
0.20000000435175025,-0.002454422784807456,7.462656249999999e-09
0.20000000435175033,-0.0026963171333991226,7.603697265625e-09
0.20000000435175036,-0.0030029336105298022,7.74473828125e-09
0.20000000435175017,-0.0033821878664321453,7.885779296875e-09
0.20000000435175025,-0.0038337372633361023,8.0268203125e-09
0.2000000043517502,-0.004345223794018837,8.167861328125e-09
0.20000000435175033,-0.004890307702903883,8.30890234375e-09
0.20000000435175022,-0.005429359279773281,8.449943359375e-09
0.2000000043517503,-0.005912972606123076,8.590984375e-09
0.20000000435175017,-0.006288344717894136,8.732025390625e-09
0.2000000043517502,-0.0065076551796105124,8.87306640625e-09
0.20000000435175022,-0.006537006241804605,9.014107421875e-09
0.20000000435175033,-0.006364190035949264,9.155148437499999e-09
0.20000000435175025,-0.006003483267396539,9.296189453125e-09
0.20000000435175025,-0.00549612240029567,9.43723046875e-09
0.20000000435175025,-0.004905584738804562,9.578271484375e-09
0.20000000435175025,-0.004308493503244164,9.7193125e-09
0.2000000043517503,-0.003781861434964047,9.860353515624999e-09
0.2000000043517504,-0.0033893294340262854,1.000139453125e-08
0.20000000435175036,-0.0031693182585961228,1.0142435546874999e-08
0.20000000435175017,-0.0031274169143043376,1.02834765625e-08
0.20000000435175025,-0.003235375354994079,1.0424517578125e-08
0.2000000043517503,-0.0034369695717064914,1.0565558593749999e-08
0.2000000043517503,-0.003660032880259565,1.0706599609375e-08
0.20000000435175028,-0.0038322235832929145,1.0847640624999999e-08
0.2000000043517503,-0.0038971561822261362,1.0988681640625e-08
0.20000000435175028,-0.0038270890320007533,1.112972265625e-08
0.20000000435175025,-0.0036293753173595104,1.1270763671874998e-08
0.2000000043517503,-0.003344784476896613,1.14118046875e-08
0.20000000435175022,-0.003037946290413315,1.1552845703124999e-08
0.2000000043517502,-0.0027820368297964792,1.169388671875e-08
0.20000000435175025,-0.002641099020801341,1.1834927734374999e-08
0.20000000435175025,-0.002654703114626848,1.197596875e-08
0.2000000043517502,-0.0028278699333659585,1.2117009765625e-08
0.20000000435175017,-0.0031294543241249463,1.2258050781249999e-08
0.20000000435175022,-0.0034991438924607023,1.2399091796875e-08
0.20000000435175025,-0.003861453287986944,1.2540132812499999e-08
0.20000000435175022,-0.004143171314877901,1.2681173828125e-08
0.20000000435175025,-0.00429023838964531,1.2822214843749999e-08
0.20000000435175028,-0.004279730174624093,1.2963255859374998e-08
0.2000000043517503,-0.004124273996007684,1.3104296875e-08
0.2000000043517502,-0.0038678819883802545,1.3245337890624999e-08
0.20000000435175014,-0.0035743926031907487,1.338637890625e-08
0.2000000043517502,-0.003311867841446358,1.3527419921874999e-08
0.20000000435175033,-0.0031363993265914876,1.3668460937499998e-08
0.20000000435175028,-0.003079768658297679,1.3809501953124999e-08
0.20000000435175036,-0.0031436591063192217,1.3950542968749998e-08
0.2000000043517502,-0.003301554284823323,1.4091583984375e-08
0.20000000435175025,-0.0035075831109153133,1.4232624999999999e-08
0.20000000435175022,-0.0037093719624966834,1.4373666015624998e-08
0.20000000435175014,-0.0038618615010890507,1.4514707031249999e-08
0.20000000435175033,-0.003938325167124632,1.4655748046874998e-08
0.2000000043517501,-0.00393607599343753,1.47967890625e-08
0.20000000435175022,-0.0038757448507255273,1.4937830078125e-08
0.20000000435175022,-0.0037948842793181915,1.5078871093749998e-08
0.2000000043517503,-0.003737641075127644,1.5219912109374997e-08
0.20000000435175025,-0.0037436256365286475,1.5360953125e-08
0.20000000435175025,-0.003838600771976358,1.5501994140625e-08
0.20000000435175014,-0.004029147337048924,1.5643035156249998e-08
0.20000000435175028,-0.004302252997884041,1.5784076171874998e-08
0.20000000435175022,-0.004629228976945231,1.5925117187499997e-08
0.20000000435175025,-0.004972698510600536,1.6066158203125e-08
0.20000000435175033,-0.005294509493276029,1.620719921875e-08
0.2000000043517503,-0.0055626115362908705,1.6348240234374998e-08
0.20000000435175022,-0.005755451454474642,1.6489281249999997e-08
0.20000000435175017,-0.005863227710294912,1.6630322265624997e-08
0.20000000435175025,-0.00588640138446524,1.677136328125e-08
0.2000000043517503,-0.005832548067860298,1.6912404296875e-08
0.20000000435175025,-0.005712598466266948,1.7053445312499998e-08
0.20000000435175022,-0.005537749387924721,1.7194486328124997e-08
0.20000000435175022,-0.005317768152242107,1.7335527343749997e-08
0.20000000435175025,-0.005060917813844352,1.7476568359375e-08
0.20000000435175014,-0.004775042328669973,1.7617609375e-08
0.2000000043517503,-0.004469242955242892,1.7758650390624998e-08
0.2000000043517502,-0.004155179756530438,1.7899691406249997e-08
0.20000000435175022,-0.0038474390566164284,1.8040732421874996e-08
0.2000000043517502,-0.0035629169208672563,1.81817734375e-08
0.2000000043517502,-0.0033188423066958725,1.8322814453124998e-08
0.2000000043517502,-0.0031304257100972614,1.8463855468749998e-08
0.20000000435175025,-0.0030083915314317237,1.8604896484374997e-08
0.20000000435175033,-0.0029572056984167754,1.87459375e-08
0.2000000043517502,-0.002974436356944957,1.8886978515625e-08
0.20000000435175028,-0.003051570490550004,1.9028019531249998e-08
0.20000000435175033,-0.0031758650541736455,1.9169060546874997e-08
0.20000000435175033,-0.0033330590561762878,1.9310101562499997e-08
0.2000000043517503,-0.0035102274660895947,1.9451142578125e-08
0.2000000043517503,-0.003698086121926503,1.959218359375e-08
0.20000000435175028,-0.003892161433946749,1.9733224609374998e-08
0.20000000435175028,-0.004092221413401477,1.9874265624999997e-08
0.2000000043517502,-0.0043004118047204705,2.0015306640624997e-08
0.20000000435175022,-0.004518015495694067,2.015634765625e-08
0.2000000043517503,-0.004741837699994923,2.0297388671875e-08
0.20000000435175033,-0.004961205773135533,2.0438429687499998e-08
0.20000000435175025,-0.005156496973592235,2.0579470703124997e-08
0.20000000435175022,-0.005300234878951947,2.0720511718749996e-08
0.20000000435175017,-0.0053610292419763875,2.0861552734375e-08
0.20000000435175025,-0.005309811811885037,2.1002593749999998e-08
0.20000000435175036,-0.005127250980865372,2.1143634765624998e-08
0.20000000435175017,-0.00481058681635942,2.1284675781249997e-08
0.20000000435175025,-0.004377872634583317,2.1425716796874996e-08
0.2000000043517503,-0.003868222500233167,2.15667578125e-08
0.20000000435175028,-0.003337123230464738,2.1707798828124998e-08
0.2000000043517502,-0.0028471876564069164,2.1848839843749997e-08
0.20000000435175017,-0.0024561064187392117,2.1989880859374997e-08
0.20000000435175025,-0.0022043855667649437,2.2130921874999996e-08
0.2000000043517502,-0.002106606569377439,2.2271962890625e-08
0.20000000435175022,-0.0021472657125459456,2.2413003906249998e-08
0.20000000435175028,-0.002284480140083421,2.2554044921874997e-08
0.20000000435175033,-0.0024600939949955864,2.2695085937499996e-08
0.20000000435175025,-0.0026144018288809944,2.2836126953124996e-08
0.20000000435175025,-0.0027023543390383652,2.297716796875e-08
0.2000000043517504,-0.0027056880309563043,2.3118208984374998e-08
0.20000000435175028,-0.0026392105051156207,2.3259249999999997e-08
0.20000000435175028,-0.002547719008755322,2.3400291015624996e-08
0.20000000435175025,-0.002494369169647573,2.3541332031249996e-08
0.20000000435175025,-0.00254301266756576,2.3682373046874998e-08
0.20000000435175014,-0.002739438893090794,2.3823414062499998e-08
0.20000000435175025,-0.0030955677280190444,2.3964455078124997e-08
0.20000000435175028,-0.00358278917444867,2.4105496093749996e-08
0.2000000043517503,-0.0041355221214725915,2.4246537109374995e-08
0.20000000435175025,-0.0046652958860039445,2.4387578124999998e-08
0.2000000043517503,-0.00508198964629806,2.4528619140624997e-08
0.20000000435175028,-0.005316940679642134,2.4669660156249997e-08
0.20000000435175028,-0.0053413268772856265,2.4810701171874996e-08
0.20000000435175022,-0.0051755814285199524,2.4951742187499995e-08
0.20000000435175025,-0.004885815857979747,2.5092783203124998e-08
0.20000000435175022,-0.00456812388287161,2.5233824218749997e-08
0.20000000435175028,-0.004324753783184567,2.5374865234374996e-08
0.2000000043517502,-0.004237125914180663,2.5515906249999996e-08
0.20000000435175005,-0.004344520206736527,2.5656947265624995e-08
0.2000000043517503,-0.004632495449478436,2.5797988281249998e-08
0.20000000435175022,-0.005035147448624061,2.5939029296874997e-08
0.20000000435175033,-0.0054507408549893934,2.6080070312499996e-08
0.2000000043517503,-0.005767091669531919,2.6221111328124996e-08
0.20000000435175028,-0.0058895285339099265,2.6362152343749995e-08
0.20000000435175033,-0.005765605781759423,2.6503193359374997e-08
0.20000000435175022,-0.00539899291291868,2.6644234374999997e-08
0.20000000435175028,-0.004849518244002164,2.6785275390624996e-08
0.20000000435175022,-0.004219290891491613,2.6926316406249995e-08
0.20000000435175017,-0.0036286040988861563,2.7067357421874995e-08
0.2000000043517502,-0.0031875251102221904,2.7208398437499997e-08
0.20000000435175025,-0.0029707575916223116,2.7349439453124997e-08
0.2000000043517503,-0.003001277668629821,2.7490480468749996e-08
0.20000000435175022,-0.003246638093281622,2.7631521484374995e-08
0.20000000435175017,-0.003630146128985751,2.7772562499999994e-08
0.20000000435175025,-0.004048629752187654,2.7913603515624997e-08
0.20000000435175028,-0.004399470858892895,2.8054644531249996e-08
0.20000000435175025,-0.004603802206415488,2.8195685546874996e-08
0.20000000435175017,-0.0046230871897451516,2.8336726562499995e-08
0.20000000435175028,-0.004464459038561175,2.8477767578124998e-08
0.2000000043517502,-0.004178214961894314,2.8618808593749997e-08
0.20000000435175025,-0.003837881767653217,2.8759849609374996e-08
0.20000000435175028,-0.0035255065290007138,2.8900890624999996e-08
0.20000000435175022,-0.003310616786381578,2.9041931640624995e-08
0.20000000435175025,-0.0032350296258411783,2.9182972656249997e-08
0.20000000435175022,-0.0033048913551513856,2.9324013671874997e-08
0.20000000435175028,-0.0034954454099132646,2.9465054687499996e-08
0.20000000435175025,-0.003754493907241488,2.9606095703124995e-08
0.20000000435175022,-0.0040219320475648355,2.9747136718749995e-08
0.2000000043517502,-0.004242590429292078,2.9888177734374994e-08
0.20000000435175033,-0.004376553255327194,3.0029218749999997e-08
0.20000000435175025,-0.004411280358015627,3.017025976562499e-08
0.20000000435175028,-0.0043517814179189086,3.0311300781249995e-08
0.20000000435175025,-0.004224393421411201,3.0452341796875e-08
0.20000000435175028,-0.004066237951471184,3.0593382812499994e-08
0.20000000435175028,-0.003915325354215301,3.0734423828124996e-08
0.20000000435175042,-0.0038010496548197175,3.087546484374999e-08
0.20000000435175025,-0.003741503142607232,3.1016505859374995e-08
0.20000000435175028,-0.0037356441218119292,3.1157546875e-08
0.20000000435175033,-0.0037702007147612025,3.1298587890624994e-08
0.20000000435175022,-0.00382261319909652,3.1439628906249996e-08
0.20000000435175028,-0.0038665958202338166,3.158066992187499e-08
0.2000000043517502,-0.0038774632089679127,3.1721710937499995e-08
0.2000000043517503,-0.003838038522160513,3.1862751953125e-08
0.20000000435175028,-0.0037392560130668955,3.2003792968749993e-08
0.20000000435175028,-0.003583850612475176,3.2144833984374996e-08
0.20000000435175028,-0.003385013383803578,3.2285875e-08
0.2000000043517502,-0.003163895999272391,3.2426916015624995e-08
0.20000000435175025,-0.0029477231123688132,3.256795703125e-08
0.20000000435175025,-0.0027634619579453615,3.270899804687499e-08
0.2000000043517502,-0.002635923905519388,3.2850039062499996e-08
0.2000000043517503,-0.0025835090860219095,3.2991080078125e-08
0.20000000435175017,-0.0026151366186512575,3.3132121093749994e-08
0.20000000435175022,-0.00272824021926566,3.3273162109375e-08
0.20000000435175028,-0.002908969800932341,3.341420312499999e-08
0.20000000435175025,-0.0031328666295574255,3.3555244140624996e-08
0.20000000435175028,-0.0033687939763381806,3.369628515625e-08
0.20000000435175028,-0.003583318271292028,3.3837326171874994e-08
0.20000000435175017,-0.003745776673885592,3.39783671875e-08
0.20000000435175022,-0.003832848906526219,3.411940820312499e-08
0.20000000435175022,-0.003831779605484951,3.4260449218749995e-08
0.20000000435175025,-0.00374128963544036,3.4401490234375e-08
0.2000000043517503,-0.0035701045636331165,3.4542531249999994e-08
0.20000000435175028,-0.003333433883646324,3.4683572265624997e-08
0.2000000043517501,-0.0030483707314086445,3.482461328124999e-08
0.2000000043517503,-0.002728537416249027,3.4965654296874995e-08
0.20000000435175022,-0.002382027863792236,3.51066953125e-08
0.20000000435175028,-0.0020094161729167846,3.5247736328124994e-08
0.2000000043517503,-0.0016057773293234462,3.5388777343749996e-08
0.20000000435175025,-0.0011648032345554194,3.552981835937499e-08
0.20000000435175022,-0.0006842433522358706,3.5670859374999995e-08
0.20000000435175025,-0.00017004739778552698,3.5811900390625e-08
0.20000000435175028,0.00035939857879725663,3.5952941406249994e-08
0.20000000435175022,0.0008750300894692178,3.6093982421874996e-08
0.20000000435175022,0.0013407773780941944,3.623502343749999e-08
0.20000000435175025,0.0017203975164867163,3.6376064453124995e-08
0.20000000435175028,0.0019855466668974578,3.651710546875e-08
0.2000000043517503,0.002123087284634164,3.6658146484374993e-08
0.2000000043517503,0.0021389004835929695,3.6799187499999996e-08
0.20000000435175025,0.0020585709587027413,3.694022851562499e-08
0.2000000043517503,0.001922305438967101,3.7081269531249995e-08
0.20000000435175022,0.0017760725592917126,3.7222310546875e-08
0.20000000435175033,0.0016615435167292552,3.736335156249999e-08
0.20000000435175025,0.0016051622435371232,3.7504392578124996e-08
0.2000000043517502,0.001613004679140978,3.764543359374999e-08
0.20000000435175017,0.0016694119417276175,3.7786474609374994e-08
0.20000000435175022,0.0017414730538880792,3.7927515625e-08
0.20000000435175028,0.0017880536101041562,3.806855664062499e-08
0.20000000435175025,0.0017707665183825678,3.8209597656249996e-08
0.20000000435175036,0.0016641153119357056,3.835063867187499e-08
0.20000000435175025,0.0014626443081832356,3.8491679687499994e-08
0.2000000043517502,0.0011821944744110921,3.8632720703125e-08
0.20000000435175022,0.0008556719681993656,3.877376171874999e-08
0.20000000435175022,0.0005247920732758054,3.8914802734374996e-08
0.20000000435175036,0.00023017368509205437,3.905584374999999e-08
0.2000000043517503,4.041644191298627e-06,3.9196884765624994e-08
0.20000000435175022,-0.00013244588592055572,3.933792578125e-08
0.20000000435175017,-0.00016564529495818016,3.947896679687499e-08
0.20000000435175028,-7.995805865156312e-05,3.9620007812499995e-08
0.20000000435175022,0.00015470720507831717,3.976104882812499e-08
0.20000000435175025,0.0005953758250077097,3.9902089843749994e-08
0.20000000435175028,0.0013336045092057602,4.0043130859374997e-08
0.20000000435175025,0.0024948553895038947,4.018417187499999e-08
0.20000000435175022,0.004227962869491641,4.0325212890624995e-08
0.2000000043517502,0.006685535493118984,4.046625390624999e-08
0.20000000435175017,0.00999782510399236,4.0607294921874994e-08
0.20000000435175025,0.014245638790562355,4.0748335937499996e-08
0.2000000043517502,0.0194379309139189,4.088937695312499e-08
0.2000000043517503,0.025498776770794984,4.1030417968749995e-08
0.2000000043517502,0.03226700782465828,4.117145898437499e-08
0.20000000435175028,0.039509611220574344,4.1312499999999994e-08
0.20000000435175028,0.046942413546131094,4.1453541015624996e-08
0.20000000435175025,0.05426150937507263,4.159458203124999e-08
0.20000000435175028,0.0611746848700417,4.1735623046874995e-08
0.20000000435175022,0.06742849912701308,4.187666406249999e-08
0.20000000435175036,0.07282721653450529,4.2017705078124993e-08
0.20000000435175033,0.07724148932695403,4.2158746093749996e-08
0.20000000435175017,0.08060161261082625,4.229978710937499e-08
0.20000000435175025,0.08289398651195307,4.2440828124999995e-08
0.20000000435175025,0.08414725343534113,4.258186914062499e-08
0.20000000435175028,0.08441894657014443,4.272291015624999e-08
0.20000000435175028,0.08378505492739072,4.2863951171874996e-08
0.20000000435175036,0.08232984053752611,4.300499218749999e-08
0.20000000435175036,0.08014203629038959,4.3146033203124994e-08
0.2000000043517503,0.077318124892734,4.328707421874999e-08
0.20000000435175025,0.0739619047869424,4.342811523437499e-08
0.2000000043517503,0.07018387058451407,4.3569156249999996e-08
0.20000000435175033,0.06609951916593594,4.371019726562499e-08
0.20000000435175028,0.06181987887677509,4.3851238281249994e-08
0.20000000435175028,0.057449634853797775,4.399227929687499e-08
0.20000000435175028,0.05308137489413589,4.413332031249999e-08
0.20000000435175022,0.0487906423691465,4.4274361328124995e-08
0.20000000435175025,0.04463369035372094,4.441540234374999e-08
0.20000000435175017,0.04064812898516316,4.4556443359374994e-08
0.2000000043517503,0.03685292399123475,4.469748437499999e-08
0.2000000043517503,0.03325633047654622,4.483852539062499e-08
0.20000000435175028,0.029859075364485708,4.4979566406249995e-08
0.2000000043517502,0.026657264793238506,4.512060742187499e-08
0.2000000043517503,0.023643911296991043,4.5261648437499994e-08
0.20000000435175022,0.02080818064670608,4.540268945312499e-08
0.20000000435175028,0.018134762321401748,4.554373046874999e-08
0.20000000435175028,0.015605092958334097,4.5684771484374995e-08
0.2000000043517503,0.013197921078986452,4.582581249999999e-08
0.20000000435175028,0.010891595518346816,4.5966853515624994e-08
0.20000000435175022,0.008667480161355738,4.610789453124999e-08
0.20000000435175028,0.006512769951541569,4.624893554687499e-08
0.20000000435175014,0.00442328987142764,4.6389976562499995e-08
0.20000000435175028,0.0024040218816466508,4.653101757812499e-08
0.2000000043517502,0.00046656539210628234,4.6672058593749993e-08
0.20000000435175025,-0.001375403329583681,4.681309960937499e-08
0.20000000435175017,-0.0031113166382443175,4.695414062499999e-08
0.20000000435175025,-0.004738589956467439,4.7095181640624995e-08
0.20000000435175022,-0.006264239732963392,4.723622265624999e-08
0.20000000435175014,-0.007703742601115359,4.737726367187499e-08
0.20000000435175022,-0.009076275626758753,4.751830468749999e-08
0.20000000435175025,-0.010397564855222028,4.765934570312499e-08
0.20000000435175017,-0.01167203137412954,4.7800386718749995e-08
0.20000000435175022,-0.012886757865488882,4.794142773437499e-08
0.2000000043517504,-0.014009973795303438,4.808246874999999e-08
0.20000000435175022,-0.014994381592045377,4.822350976562499e-08
0.20000000435175022,-0.015785465553759974,4.836455078124999e-08
0.20000000435175028,-0.016333288185695495,4.8505591796874994e-08
0.20000000435175022,-0.016603785845156913,4.864663281249999e-08
0.2000000043517503,-0.016589079582438927,4.878767382812499e-08
0.2000000043517503,-0.016312203515502728,4.892871484374999e-08
0.2000000043517503,-0.015824979952230655,4.906975585937499e-08
0.20000000435175028,-0.01519946787272946,4.9210796874999994e-08
0.2000000043517502,-0.014514500729940979,4.935183789062499e-08
0.20000000435175025,-0.013840247071349654,4.949287890624999e-08
0.20000000435175014,-0.013226197769557978,4.963391992187499e-08
0.20000000435175022,-0.012693206638144907,4.977496093749999e-08
0.20000000435175028,-0.01223262449349423,4.9916001953124994e-08
0.2000000043517502,-0.011812595523456254,5.005704296874999e-08
0.20000000435175025,-0.011388804615022834,5.019808398437499e-08
0.20000000435175022,-0.010918569191364401,5.033912499999999e-08
0.20000000435175033,-0.010373454267785276,5.048016601562499e-08
0.20000000435175017,-0.009747274189536342,5.0621207031249994e-08
0.2000000043517502,-0.009057791688249302,5.076224804687499e-08
0.20000000435175025,-0.008342035535275556,5.090328906249999e-08
0.2000000043517502,-0.007645642141735315,5.1044330078124995e-08
0.20000000435175028,-0.007011571128169904,5.118537109374999e-08
0.20000000435175028,-0.0064688122070989795,5.1326412109374994e-08
0.20000000435175025,-0.006025257133366739,5.146745312499999e-08
0.20000000435175028,-0.005666313459134882,5.160849414062499e-08
0.20000000435175025,-0.005359166146374627,5.1749535156249995e-08
0.20000000435175025,-0.00506180308429111,5.189057617187499e-08
0.20000000435175017,-0.004734305271157649,5.2031617187499993e-08
0.2000000043517503,-0.004349078719548178,5.217265820312499e-08
0.2000000043517502,-0.003897688063035861,5.231369921874999e-08
0.2000000043517502,-0.003392718922897969,5.2454740234374995e-08
0.2000000043517502,-0.0028640999480515515,5.259578124999999e-08
0.20000000435175025,-0.0023518635931048942,5.273682226562499e-08
0.20000000435175028,-0.0018965746412177135,5.287786328124999e-08
0.20000000435175022,-0.001530341387689167,5.301890429687499e-08
0.2000000043517503,-0.0012705242002078354,5.3159945312499994e-08
0.20000000435175022,-0.0011175972997061526,5.330098632812499e-08
0.20000000435175028,-0.0010569877092907636,5.344202734374999e-08
0.20000000435175022,-0.0010650139381493224,5.358306835937499e-08
0.20000000435175025,-0.0011159049849004074,5.372410937499999e-08
0.20000000435175033,-0.0011888574322030572,5.3865150390624994e-08
0.20000000435175022,-0.0012732640649713736,5.400619140624999e-08
0.20000000435175033,-0.0013690856751631772,5.414723242187499e-08
0.20000000435175025,-0.0014863295818150792,5.428827343749999e-08
0.20000000435175025,-0.001639527943831975,5.442931445312499e-08
0.2000000043517503,-0.0018417196102703428,5.4570355468749994e-08
0.2000000043517502,-0.0020984036595282293,5.471139648437499e-08
0.20000000435175025,-0.002404400096668935,5.485243749999999e-08
0.20000000435175025,-0.0027378397842031305,5.499347851562499e-08
0.20000000435175014,-0.003067205517606853,5.513451953124999e-08
0.20000000435175028,-0.003353914482199153,5.5275560546874994e-08
0.20000000435175025,-0.0035602704684040494,5.541660156249999e-08
0.20000000435175036,-0.003657251115249315,5.555764257812499e-08
0.20000000435175014,-0.0036329964504188696,5.569868359374999e-08
0.20000000435175028,-0.0034882001020068673,5.583972460937499e-08
0.20000000435175022,-0.0032465213281506933,5.5980765624999994e-08
0.20000000435175017,-0.0029462898798562056,5.612180664062499e-08
0.20000000435175028,-0.002635766924789154,5.626284765624999e-08
0.20000000435175025,-0.0023666674219395755,5.640388867187499e-08
0.20000000435175025,-0.0021806591052696404,5.654492968749999e-08
0.20000000435175025,-0.0021074233789745377,5.6685970703124993e-08
0.2000000043517502,-0.0021577636356375452,5.682701171874999e-08
0.2000000043517502,-0.002323791302278982,5.696805273437499e-08
0.20000000435175028,-0.002582248137327654,5.710909374999999e-08
0.20000000435175025,-0.002901933789145686,5.725013476562499e-08
0.20000000435175022,-0.0032463985435742695,5.739117578124999e-08
0.20000000435175017,-0.003586678167724539,5.753221679687499e-08
0.2000000043517503,-0.003903984757447676,5.767325781249999e-08
0.20000000435175028,-0.004193009901672514,5.781429882812499e-08
0.2000000043517502,-0.004461019749386946,5.795533984374999e-08
0.20000000435175025,-0.00472455424184128,5.809638085937499e-08
0.20000000435175025,-0.004999509547342094,5.823742187499999e-08
0.20000000435175028,-0.005298602997139963,5.837846289062499e-08
0.20000000435175036,-0.005623994116156874,5.851950390624999e-08
0.20000000435175025,-0.005965267191560874,5.866054492187499e-08
0.20000000435175025,-0.006300564237325678,5.880158593749999e-08
0.20000000435175025,-0.006599815873376897,5.894262695312499e-08
0.20000000435175028,-0.00683094190422683,5.908366796874999e-08
0.20000000435175025,-0.006966693748588123,5.922470898437499e-08
0.20000000435175028,-0.006990120038348959,5.936574999999999e-08
0.20000000435175025,-0.006897618929125186,5.950679101562499e-08
0.20000000435175022,-0.006698987982011878,5.964783203124999e-08
0.2000000043517502,-0.006414073223294566,5.978887304687498e-08
0.20000000435175025,-0.0060680374991177646,5.99299140625e-08
0.20000000435175025,-0.0056864018922624425,6.007095507812499e-08
0.2000000043517502,-0.005290730526729296,6.021199609374999e-08
0.20000000435175028,-0.004896411486700221,6.0353037109375e-08
0.2000000043517503,-0.004512754947605119,6.049407812499999e-08
0.20000000435175022,-0.004145340274500671,6.063511914062499e-08
0.20000000435175017,-0.0037987802216637614,6.077616015625e-08
0.20000000435175033,-0.0034797188549539853,6.091720117187499e-08
0.20000000435175025,-0.003198062962042888,6.105824218749999e-08
0.20000000435175028,-0.0029662873596102363,6.119928320312498e-08
0.20000000435175025,-0.002796624563854068,6.134032421875e-08
0.20000000435175022,-0.002698618004277633,6.148136523437499e-08
0.20000000435175022,-0.002674219413396641,6.162240624999999e-08
0.2000000043517502,-0.0027164566197301417,6.1763447265625e-08
0.20000000435175025,-0.0028093953938219903,6.190448828124999e-08
0.20000000435175033,-0.0029304459016821828,6.204552929687499e-08
0.20000000435175022,-0.0030557155681354316,6.21865703125e-08
0.20000000435175022,-0.0031639774859957255,6.232761132812499e-08
0.20000000435175022,-0.003241207395203236,6.246865234374999e-08
0.2000000043517502,-0.0032824964180324335,6.260969335937498e-08
0.20000000435175028,-0.0032914125500376813,6.275073437499999e-08
0.20000000435175022,-0.0032767457449624344,6.289177539062499e-08
0.20000000435175028,-0.0032489652477843936,6.303281640624999e-08
0.20000000435175025,-0.0032148633612481695,6.3173857421875e-08
0.20000000435175025,-0.003175187717882868,6.331489843749999e-08
0.20000000435175025,-0.003124234364704152,6.345593945312499e-08
0.2000000043517503,-0.0030522816390755976,6.359698046875e-08
0.2000000043517503,-0.002949858675128949,6.373802148437499e-08
0.20000000435175022,-0.002813491923686803,6.387906249999999e-08
0.20000000435175022,-0.0026485959993626947,6.402010351562498e-08
0.20000000435175025,-0.002470970066221054,6.416114453124999e-08
0.20000000435175014,-0.0023044287939499824,6.430218554687499e-08
0.20000000435175028,-0.0021754708939035103,6.444322656249998e-08
0.20000000435175017,-0.002106400407427827,6.4584267578125e-08
0.20000000435175022,-0.0021088952602543523,6.472530859374999e-08
0.20000000435175025,-0.0021795496406697493,6.486634960937499e-08
0.20000000435175028,-0.0022996607920371475,6.5007390625e-08
0.2000000043517503,-0.0024393047130178646,6.514843164062499e-08
0.20000000435175028,-0.0025648939743470574,6.528947265624999e-08
0.2000000043517502,-0.002648272549313803,6.543051367187498e-08
0.20000000435175022,-0.002674887401884814,6.557155468749999e-08
0.20000000435175022,-0.002648221348465691,6.571259570312499e-08
0.2000000043517502,-0.002589565844328124,6.585363671874998e-08
0.20000000435175022,-0.0025326101588891213,6.5994677734375e-08
0.20000000435175028,-0.002514235893477155,6.613571874999999e-08
0.20000000435175033,-0.0025637676611049,6.627675976562499e-08
0.20000000435175025,-0.0026941966482777998,6.641780078125e-08
0.20000000435175022,-0.0028971250424172845,6.655884179687499e-08
0.2000000043517503,-0.0031437666514263704,6.669988281249999e-08
0.2000000043517503,-0.0033916559867554633,6.684092382812498e-08
0.20000000435175025,-0.0035951255299203674,6.698196484374999e-08
0.2000000043517502,-0.0037174944020831055,6.712300585937499e-08
0.20000000435175025,-0.0037408055929439186,6.726404687499998e-08
0.20000000435175025,-0.003671051456520155,6.740508789062499e-08
0.20000000435175025,-0.0035371078563267134,6.754612890624999e-08
0.20000000435175033,-0.0033836760042860467,6.768716992187499e-08
0.2000000043517502,-0.003259922638153362,6.78282109375e-08
0.2000000043517503,-0.0032073030633256914,6.796925195312499e-08
0.20000000435175028,-0.0032494009737464727,6.811029296874999e-08
0.20000000435175014,-0.0033867409672962458,6.825133398437498e-08
0.20000000435175014,-0.0035978518463824862,6.839237499999999e-08
0.20000000435175028,-0.003846171623130223,6.853341601562499e-08
0.20000000435175025,-0.0040907295273187,6.867445703124998e-08
0.20000000435175028,-0.004297512207599615,6.881549804687499e-08
0.20000000435175022,-0.004448457566128446,6.895653906249999e-08
0.20000000435175022,-0.004545370884057549,6.909758007812498e-08
0.20000000435175028,-0.004607799737033522,6.923862109375e-08
0.20000000435175022,-0.004665527647200286,6.937966210937499e-08
0.20000000435175017,-0.004747704522951322,6.952070312499999e-08
0.2000000043517502,-0.004872058918157052,6.966174414062498e-08
0.2000000043517502,-0.005036849112523079,6.980278515624999e-08
0.20000000435175025,-0.005218014974672831,6.994382617187499e-08
0.20000000435175028,-0.005372400214728004,7.008486718749998e-08
0.20000000435175036,-0.005445894284389104,7.022590820312499e-08
0.20000000435175028,-0.005385151946709269,7.036694921874999e-08
0.20000000435175028,-0.005149228289325648,7.050799023437498e-08
0.20000000435175025,-0.0047187055166655785,7.064903125e-08
0.20000000435175022,-0.004100112168509983,7.079007226562499e-08
0.20000000435175028,-0.003324890418024881,7.093111328124999e-08
0.20000000435175028,-0.0024435797485092875,7.107215429687498e-08
0.2000000043517502,-0.0015171143309233982,7.121319531249999e-08
0.20000000435175022,-0.0006072287987141454,7.135423632812499e-08
0.20000000435175022,0.00023159211119910413,7.149527734374998e-08
0.2000000043517502,0.0009571976175944324,7.163631835937499e-08
0.20000000435175022,0.0015411758921465024,7.177735937499999e-08
0.20000000435175025,0.0019672559047126067,7.191840039062498e-08
0.20000000435175017,0.0022285782556262504,7.205944140625e-08
0.20000000435175028,0.0023245953730241077,7.220048242187499e-08
0.2000000043517502,0.0022591744062562605,7.234152343749999e-08
0.20000000435175022,0.002040554280846743,7.248256445312498e-08
0.20000000435175028,0.0016820533606599127,7.262360546874999e-08
0.20000000435175025,0.001204455872649573,7.276464648437499e-08
0.20000000435175028,0.0006371729055770836,7.290568749999998e-08
0.20000000435175025,1.7657127114901142e-05,7.304672851562499e-08
0.20000000435175028,-0.000611552883279879,7.318776953124999e-08
0.2000000043517502,-0.0012078088323774327,7.332881054687498e-08
0.20000000435175042,-0.0017349483422096693,7.346985156249999e-08
0.20000000435175036,-0.002168529965745954,7.361089257812499e-08
0.20000000435175025,-0.002499896128495407,7.375193359374999e-08
0.20000000435175017,-0.0027369541843478297,7.389297460937498e-08
0.20000000435175025,-0.0029015536554133554,7.403401562499999e-08
0.20000000435175025,-0.0030239250936835976,7.417505664062499e-08
0.20000000435175028,-0.0031356327666841356,7.431609765624998e-08
0.20000000435175025,-0.0032624621294985944,7.445713867187499e-08
0.20000000435175022,-0.003419260777770729,7.459817968749999e-08
0.20000000435175017,-0.0036077683839500583,7.473922070312498e-08
0.20000000435175022,-0.0038178981446235693,7.488026171874999e-08
0.2000000043517502,-0.004031709686558924,7.502130273437499e-08
0.2000000043517503,-0.004229467907819805,7.516234374999998e-08
0.20000000435175033,-0.004395366809078371,7.530338476562498e-08
0.20000000435175028,-0.004522047609270269,7.544442578124999e-08
0.20000000435175022,-0.004612541516213091,7.558546679687499e-08
0.20000000435175022,-0.004679374450526259,7.572650781249998e-08
0.20000000435175022,-0.004741038454903877,7.586754882812499e-08
0.20000000435175022,-0.0048174368821865534,7.600858984374999e-08
0.20000000435175022,-0.004924978107825359,7.614963085937498e-08
0.20000000435175025,-0.005072999958590097,7.629067187499999e-08
0.2000000043517503,-0.005262209363295211,7.643171289062499e-08
0.20000000435175033,-0.0054851836856912185,7.657275390624998e-08
0.20000000435175028,-0.005728855973576858,7.671379492187498e-08
0.2000000043517503,-0.005977815008629988,7.685483593749999e-08
0.20000000435175025,-0.006217591423791814,7.699587695312499e-08
0.20000000435175028,-0.006436994541903964,7.713691796874998e-08
0.20000000435175028,-0.006629092680648176,7.727795898437499e-08
